filename	codes
S0004-06142005000700014-1	412890008+30088009+303918003+103741002+27171005+26604007+449264008+399208008+45036003+5880005+169066007+302778005+449263002+103720008+433236007+183051005+281789004+3116009+104279004+709541000+330901000+363679005+113011001+84728005
S0004-06142005001000011-3	104317009+18027006+240326000+704117005+23973005+5880005+77465005+29567006+80146002
S0004-06142006000200013-1	39250009+252416005+609316007+236886002+363679005+387713003+117617002+168126000+429894001
S0004-06142006000200014-1	443869003+77477000+16310003+418832007+122459003+108257001+117617002
S0004-06142006000600014-1	449263002+449264008+72116000+77946005+5880005+264274002+302801006+410006001+386745004+54810009
S0004-06142006000700014-1	82619000+1176009+303918003+27171005+16388003+77477000+42268006+367336001+5880005+236334001+767339001+387713003+252416005+300019008+23968004+396550006+86273004+387713003+16388003+363679005+108257001+78817002
S0004-06142006000900008-1	252416005+38102005+24139008+419394006+36503003+609316007+116032002+5880005+303917008+27483000+117617002
S0004-06142006000900014-1	252416005+313270001+281790008+51558006+5880005+118851004+765473008+54610007+31911002+1148701004+387713003+39834009
S0004-06142007000100012-1	79843009+108285004+241362005+78823007+281789004+767336008+117010004+33879002+27171005+177184002+424525001+113011001+228084000+422181004+49752000+54810009
S0004-06142007000300011-1	110466009+252416005+26958001+29303009+169070004+116033007+260661008+52685006+175905003+5880005+86273004+54610007+387713003+26604007+439235001+74692004
S0004-06142007000500011-1	5447007+252416005+168702005+399208008+41747008+16310003+32265006+5880005+104157003+363679005+177974004+113011001+387713003+168126000
es-S0004-06142007000900011-1	252416005+410682003+309618006+409091002+64908006+31904001+412890008+29303009+399208008+52685006+169070004+412910008+5880005+27171005+3116009+26604007+722047001
es-S0004-06142008000100011-1	112695004+698956007+418832007+13554000+67598001+269934003+225150002+370612006+5880005+401294003+225116006+169070004+281789004+52685006+387713003+410006001+61594008+116859006+104190003+122462000+698956007+16310003+286738000+363679005+113011001+284381002+118442004
es-S0004-06142008000600011-1	444083005+44794004+412890008+175905003+432079006+12846002+60941001+182764009+398182006+26604007+27779004+64915003+108022006+77477000+21371007+399208008+65801008+433775002+NO_CODE+43810009+419275004+4438009+86481000+418272005+419394006+169072007+82305005+41747008+16310003+363679005+108257001
es-S0004-06142008000600014-1	252416005+870572003+81229002+266717002+116170001+303918003+767335007+250724005+767336008+367336001+363679005+284425007+387713003+418023006
es-S0004-06142009000100009-1	77477000+409978001+303918003+250724005+16310003+85111008+86273004+5880005+108257001+387713003+391989008
es-S0004-06142009000100010-2	252416005+108022006+399331006+412890008+236886002+302376006+241362005+45036003+5880005+3116009+108257001+26604007
es-S0004-06142009000100012-1	116032002+113091000+44558001+90199006+35216007+77477000+367336001+1010336006+67086003+117617002+50465008+103735009+767336008+108290001+252416005+24139008+16310003+108257001
es-S0004-06142009000200013-1	252416005+24139008+116032002+32265006+423827005+27171005+13205008
es-S0004-06142009000300014-1	252416005+76145000+52521008+16310003+78681008+5880005+103741002+363679005+113011001+387713003+236334001
es-S0004-06142009000300014-4	252416005+77477000+176430002+303918003+168525009+367336001+16310003+108290001+767336008+387713003+108257001+392022002
es-S0004-06142009000500011-1	86553008+85921004+77477000+373671009+302497006+412890008+70536003+1156730006+363679005+274440000+54610007+119561005+238277006+387713003+416798007+175902000
es-S0004-06142009000700011-1	386634006+396550006+169413002+5880005+24737001+108257001+168127009
es-S0004-06142009000800010-1	609316007+418832007+405250000+116863004+12719002+45036003+367336001+386792000+54610007+77020008+169070004+418891003+81232004+3116009+32554000+39834009+890458001+5447007+122462000+108257001
es-S0004-06142009000800011-1	281249009+252416005+431215000+698956007+77477000+235425002+410021007+118753009+253766005+45036003+5880005+48635004+128304007+416376001+64941009+50697003
es-S0004-06142009000900011-1	252416005+303918003+250724005+767343002+399208008+104157003+113011001+108257001+419394006+236334001
es-S0004-06142009000900012-1	252416005+281790008+77477000+392022002+62972009+396692006+281789004+429685005+78681008+103741002+117010004+5880005+65801008+113011001+108257001+410006001+238363005+32962002
es-S0004-06142010000300011-1	252416005+103710003+176397001+79887000+105371005+767339001+313824003+367336001+431554003+41457005+5880005+359571009+870249004+76145000+236334001+440495009
es-S0004-06142010000500011-1	33389009+232674004+712719005+50697003+286628000+67889009+410024004+313270001+73223003+117055006+736765002+116863004+264274002+252319002+419394006+39834009+870386000+389033000+108257001
es-S0004-06142010000500014-1	303918003+396692006+27171005+26604007+406979008+406800009+80731003+250724005+5880005+122384004+424489006+258066000+104178000+445405002+281789004+117010004+310861008+61594008+363778006+405824009+412895003+62777006+303917008+363679005+108257001
es-S0210-48062003000400012-1	168172001+444770000+167759007+446045006+373671009+113091000+22523008+32265006+5880005+387713003+118875004+410006001
es-S0210-48062003000800013-1	412890008+27171005+250724005+64908006+444945007+13580001000004101+104157003+418832007+168456004+77477000+116033007+45036003+84100007+48635004+74770008+118441006+86259008+387713003+419903003+169072007+768119006+396550006
es-S0210-48062003000900013-1	707266006+252416005+741007+169413002+90199006+448031005+16310003+418832007+410024004+108257001+410006001+217136007+44856007+65575008
es-S0210-48062003001000009-1	410021007+386761002+44117004+113091000+35025007+2690005+30331002+301301002+52512007+50697003+446583004+308116003+274380008+123678003+11466000+54810009+175974003+5880005+129252005+122459003+62258005+308782003+67820006+118674002+32265006+287925005+45595009+122465003+122462000+176136000+24139008+108257001+399097000
es-S0210-48062004000300007-1	78533007+67889009+77477000+73761001+386792000+117617002+288170000+117055006+108807002+86481000+32265006+104210008+387713003+713443004+252416005+24139008+118448000+16310003+363679005+53185004
es-S0210-48062004000400008-1	252416005+765473008+64012003+43810009+77477000+396550006+169070004+399208008+45036003+58347006+168526005+48635004+387713003+27171005+24737001+274025005+44558001+235184005+108257001+168528006
es-S0210-48062004000400012-1	252416005+77477000+609316007+441915005+396550006+441550005+45036003+32265006+274314005+5880005+117010004+432370003+363679005+113011001+387713003+410006001+8613002
es-S0210-48062004000500010-1	700000006+396550006+1187106001+16310003+709979004+5880005+103741002+27171005+108257001+284425007+76145000+302778005+236334001
es-S0210-48062004000900010-1	303918003+412890008+127800008+609316007+127790008+27171005+168854009+26604007+225150002+182975000+278846007+45036003+386792000+5880005+438487006+32265006+117010004+3116009+410006001+252416005+24139008+396550006+168702005+73018006
es-S0210-48062005000300016-2	306005+64908006+29303009+104346002+52685006+40701008+129118002+5880005+225162003+3116009+84728005+419394006+182764009+46798003
es-S0210-48062005000700015-1	443199009+110467000+18011004+27171005+167349008+442116008+50697003+370612006+373671009+116147009+787439005+117010004+264274002+387713003+61594008+252416005+24139008+16310003+423827005
es-S0210-48062005001000013-1	443432005+64663002+741007+412890008+113091000+609316007+104157003+27171005+26604007+54810009+370612006+5880005+48635004+90470006+117617002+32265006+117010004+3116009+419394006+410006001+287997009+242557008+252416005+24139008+108285004+609638001+396550006+86273004+27483000+112978005
es-S0210-48062006000200017-1	77946005+412890008+609316007+116032002+363680008+27171005+26604007+399208008+45036003+5880005+32265006+117010004+387713003+410006001+419394006+302801006+287723008+252416005+371070000+24139008+396550006+363679005+14059008
es-S0210-48062006000300014-1	116032002+49245001+108034003+428829005+399208008+367336001+5880005+65801008+117617002+76009000+103735009+313270001+703423002+32265006+81232004+117010004+108290001+387713003+419394006+410006001+242557008+252416005+24139008+41747008+16310003+14861000
es-S0210-48062006000300016-1	82035006+228565006+119994004+412890008+27171005+2690005+392048005+168854009+26604007+5880005+116147009+65801008+168126000+10255001+281789004+86481000+32265006+387713003+419394006+175971006+168127009+410006001+118877007+103715008+698956007+168702005+113011001+108257001
es-S0210-48062006000900012-1	242646007+225153000+281249009+42284007+609638001+418891003+119560006+86273004+81232004+287761006+175907006+287716007+15197002
es-S0210-48062006000900014-1	410021007+36777000+281790008+65848005+30088009+274441001+26604007+53248001+711227002+307709007+241555002+14788002+5880005+74770008+73380001+15761001+236239008+387701008+386745004+40173000+178728009+281789004+86481000+1230176002+241031001+55449009+3116009+387713003+419394006+396550006+405319004+363679005+108028005
es-S0210-48062007000100012-1	252416005+250724005+367336001+39228008+5880005+24737001+176417003+418023006
es-S0210-48062007000400012-1	242646007+412890008+116032002+301879009+64063003+108034003+275707000+26604007+34227000+42284007+79301008+399208008+57655007+45036003+367336001+5880005+54550000+281791007+281789004+702386002+269856004+387713003+243223007+792805006+24139008+302497006+396550006+719908001+61911006+108257001
es-S0210-48062007000400013-1	26958001+252416005+117028002+42284007+396550006+30088009+116032002+252398009+68793005+301879009+386792000+117010004+90131007+36878004+788751009
es-S0210-48062007000500016-1	277762005+412890008+27171005+16388003+26604007+241648005+418844005+119560006+129252005+5880005+174390001+176270006+276343000+75992007+281789004+3116009+105376000+419394006+410006001+61594008+441967009+371070000+396550006+287779005+416608005+113011001+84728005
es-S0210-48062007000700017-1	252416005+419394006+42284007+609316007+169070004+82918005+405525004+712753009+177853001+108257001+117617002+399042005
es-S0210-48062007001000004-3	228565006+266717002+396550006+250724005+767335007+303918003+16310003+367336001+765173004+281789004+5880005+767336008+416608005+108257001
es-S0210-48062009000200018-1	252416005+118155006+391361001+73761001+430688009+399208008+16310003+116033007+21371007+387713003+5880005+117010004+121996000+27483000+424489006+108257001+419394006+449264008+713443004
es-S0210-48062009000400016-1	48307009+741007+4558008+168854009+3183007+26294005+5880005+410024004+771856008+169070004+78823007+86481000+107944001+387713003+266700009+387606008+122462000+71840009+119901004+286738000+416608005+108257001+177535001
es-S0210-48062009000600016-1	1017217001+89305009+1055200005+278846007+45036003+122459003+363679005+83566004+108257001+302560003+387713003+119987002
es-S0210-48062009000600017-1	118855008+108034003+168854009+67212000+33533004+43748006+45036003+119560006+17988003+73380001+54610007+178728009+313270001+112928008+261039008+20101008+281789004+32265006+25466008+117010004+765473008+736683003+387713003+61594008+39834009+112928008+236886002+265384005+241354002+176024008
es-S0210-48062009000900017-1	117008001+250724005+396692006+281789004+16310003+52685006+5880005+104157003+27171005+113011001+236334001+281789004+330901000
es-S0210-48062009000900019-1	235468001+303918003+113091000+53003006+418832007+275707000+77477000+412890008+27171005+234319005+15220000+116033007+129118002+448031005+367336001+5880005+45036003+48635004+169070004+418891003+108290001+49209004+3116009+387713003+168127009+396550006+27171005+108257001
es-S0210-48062010000100019-3	410021007+77477000+36503003+86273004+90010006+387713003+389033000+108257001+40173000
es-S0210-56912007000700008-1	70115007+309812005+180177004+52765003+243685008+229493004+232674004+67889009+399208008+274440000+78603008+431182000+169069000+52685006+72641008+1186746005+1230176002+85765000+733500003+41243006+782971002+72641008+17195006+266700009+229306004+122462000+252416005+396550006+40617009+398118003+416188006
es-S0210-56912007000900007-3	118445002+73761001+169070004+40617009+309812005+243221009+5880005+423827005+232674004
es-S0210-56912010000200009-1	450347006+30088009+309812005+168523002+52765003+112798008+269934003+427314002+399191001+NO_CODE+NO_CODE+241687005+367336001+307007002+169070004+281789004+117010004+782971002+387713003+266700009+61594008+252465000+252416005+428311008+265414003+278297009+412895003+284039004+709541000+410011004+397397002+363679005+424139009+108257001
es-S0210-56912011000500009-3	33367005+182764009+840595002+423574009+118155006+91308007+103716009+47545007+429253002+418285008
es-S0211-57352013000300012-1	68338001+698456001+395157005+1999007+113091000+304889007+58375008+45392008+108310004+416608005+165172002+390822007
es-S0211-69952011000400013-1	284428009+306005+255808002+406979008+27171005+406979008+182975000+5880005+424489006+418023006+698456001+234270003+397395005+85765000+782971002+422181004+7246002+713443004+412899009+449263002+449264008+88667002+870251000+363679005+35140007+234283002
es-S0211-69952011000500013-1	30700006+302497006+70536003+241454001+363679005+350075001+71651007+409390007
es-S0211-69952012000500016-1	304383000+27171005+438416007+49352002+274326000+278846007+5880005+117617002+250709001+117055006+52685006+312474003+412899009+26958001+29703006+53767003+396550006+866194009+399208008+79760008+16254007
es-S0211-69952013000500019-1	104157003+410683008+73512001+175902000+406867009+418354002+313394004+5880005+707311008+117617002+399298004+86259008+165877005+127796002+7246002+302497006+866194009+119561005+77465005+788751009
es-S0211-69952013000700023-1	252375001+117643001+26958001+16254007+708011004+302497006+88667002+250724005+367336001+108241001+86273004+5880005+302801006+27171005+108257001+26604007+7246002
es-S0211-69952014000200012-2	122463005+302497006+108241001+297279009+427314002+116859006+175902000
es-S0211-69952015000100013-1	306005+176820000+108022006+410682003+702585002+16310003+40701008+395133005+405831000119106+392247006+104157003+387713003+108257001+722047001+308116003+32962002
es-S0211-69952015000300011-1	306005+252375001+395157005+42803009+27171005+175902000+234319005+NO_CODE+259914001+40701008+5880005+117617002+703450007+71192002+117055006+7246002+252416005+302497006+86273004
es-S0211-69952017000200225-1	113091000+33389009+27171005
es-S0212-16112004000400007-1	443863002+64908006+398740003+91308007+876825002+789709006+278846007+169066007+229912004+16564004+288170000+54550000+29303009+702386002+103744005+233527006+435631000124104+396550006+186648008+788751009
es-S0212-16112007000600015-1	426840007+412890008+713117007+268445003+278846007+16310003+78823007+240323008+278906000+1217195001+1217194002+29240004+229912004+709542007+21623001+243185007
es-S0212-16112007000700016-1	435731000124108+876825002+29453004+235408004+38102005+789709006+234319005+709543002+278846007+442285009+714587003+243222002+229912004+182922004+702386002+250646009+435601000124107+387713003+281798001+441751006+77465005
es-S0212-16112009000300015-1	876825002+103713001+235408004+442285009
es-S0212-16112010000600022-1	77477000+396550006+29303009+79301008+235407009+399208008+278846007+722048006+47092002+5880005+107938000+367436000+169066007+103744005+387713003+243223007+43075005+301784005
es-S0212-16112012000300029-1	716677007+278296000+426990007+169070004+241031001+175853000+278846007+792805006+876825002+91602002+264957007+709542007+302450005+35646002+45211000
es-S0212-16112012000500042-1	88834003+789709006+186648008+412890008+241031001+89305009+307709007+876825002+435601000124107+16254007+301784005
es-S0212-16112013000300055-1	38102005+384953001+71827004+396550006+412890008+1055200005+278846007+430715008+312681000+5880005+871564005
es-S0212-16112013000300056-1	103715008+64915003+103715008+30088009+40617009+399208008+281789004+442285009+40701008+711278009+876825002+250464005+788751009+103713001+48387007+301784005
es-S0212-71992004000600005-1	252375001+30088009+27171005+122031008+269934003+50697003+86259008+234326005+234319005+45036003+5880005+74770008+117617002+104173009+250709001+82962001+169070004+281789004+269934003+252416005+117010004+3116009+387713003+168127009+608845009+4737000+408219003+252416005+396550006+363679005
es-S0212-71992005000200008-1	122445005+309618006+412890008+80146002+26604007+165813002+384953001+73761001+50052006+399208008+40701008+5880005+169066007+284448002+82962001+169070004+201495001+419394006+76164006+26958001+27563003+344994008+412910008+408497003+84728005+49266009+25267002
es-S0212-71992005001200008-1	28367004+443432005+174549003+266715005+73761001+168537006+169070004+45036003+174585003+281706009+705540006+423827005+264274002+314635004+386718000+76009000
es-S0212-71992005001200010-1	412890008+26604007+414466002+80250004+70871006+367336001+430715008+117617002+167907006+178497007+418891003+108290001+56241004+49401003+234326005+302560003+58776007+169031005+412899009+165813002+313398001+64411004+54610007+26958001+232495003
es-S0212-71992006000200006-1	412890008+30088009+363680008+104130000+26604007+449264008+163778008+250724005+399208008+14788002+113028003+5880005+449263002+766841001+84492002+84683006+281789004+105376000+252379007+84728005+307279007
es-S0212-71992006000600007-1	427407003+768613008+412890008+412990009+27171005+26604007+117033003+42441008+399208008+45036003+5880005+239460000+239461001+19768003+19063003+56241004+29703006+62777006+359788000+90131007+104294000+104295004+104297007
es-S0212-71992006000700009-1	449263002+38102005+64908006+396550006+169070004+235582004+449264008+433236007+105376000+281789004+274025005+119916001+5880005+702386002+281789004+30088009+48635004+29240004+430239004+386718000+423414002
es-S0212-71992006000800007-1	117028002+252641007+412890008+304383000+30088009+255813003+27171005+80146002+168147001+406979008+252156002+241580002+73761001+399208008+68793005+45036003+40701008+5880005+116147009+79760008+169163002+424489006+72821000+76009000+77020008+169070004+29303009+35650009+418891003+117010004+61594008+412899009+449263002+449264008+309849004+165813002+313398001+64411004
es-S0212-71992006001000008-1	252375001+91308007+27171005+396550006+363679005+26604007+313398001+64411004+165813002+40675008+79301008+250724005+5880005+54610007+47889002+169069000+250709001+31193002+35650009+3116009+870386000+66842004+26958001+29703006+297280007
es-S0212-71992007000100007-1	30088009+116332006+27171005+449264008+241648005+73761001+399208008+5880005+116147009+288161003+424489006+76009000+169069000+250709001+82962001+418891003+281789004+86088003+167944006+104220003+438487006
es-S0212-71992007000300005-1	10847001+412890008+30088009+398740003+252472004+91308007+27171005+182764009+77477000+87529006+399208008+40701008+5880005+116147009+117325008+241541005+23426006+104173009+365769003+29303009+37859006+418272005+782971002+312474003+387713003+104190003+396550006+127783003+39316003
es-S0212-71992007000300006-1	266700009+284039004+433215005+40617009+309812005+72641008+180177004+229912004+232674004+266683002
es-S0212-71992007000600008-1	10847001+412890008+30088009+91308007+243685008+449264008+430379005+85921004+399208008+165813002+122048000+30200007+408219003+121953005+40701008+367336001+5880005+424489006+78603008+117617002+449263002+169069000+433236007+35650009+233191006+782971002+104190003+428311008+108257001
es-S0212-71992007000700008-1	117028002+30088009+182764009+427314002+312366003+713550003+34227000+399208008+5880005+711507002+82886000+54550000+29303009+113076002+167217005+117010004+313398001+64411004+165813002+20720000+76978006+309807009+26958001+18061000087100+410682003+88667002+46215003+113011001+19518008
es-S0212-71992007001000007-1	450347006+169069000+10847001+431325008+285570007+73761001+169070004+182975000+412890008+5880005+116147009+312849006+49345004+52221007+297279009+165813002+104190003+412899009
es-S0212-71992007001000008-1	26058004+169069000+412895003+396550006+399208008+367336001+108290001+117617002+425983008
es-S0213-12852004000500002-1	252416005+87495006+118769002+113011001+122856003+118778008+387713003+8889005+89901005
es-S0213-12852016000500002-1	16319561000119105+234693003+58058006+55670007+50697003+55322005+68688001+234712004+118816007+118444003+709543002+128303001+447770006+178457009+22901000+173448001+52685006+281789004+442709002+387713003+122462000+252416005+22400007+86273004+1202017008+265152006
es-S0365-66912004001100011-1	31507001+419592009+704077003+164729009+104178000+42101009+225698005+53524009+61594008
es-S0365-66912005001100008-1	419592009+53524009+77477000+68793005+399208008+113028003+830147001+278846007+174525001+276342005+117617002+252832004+444633001+422246005+162673000+36228007+19731001+72710001+72208004+396550006+38330000+225698005+300008005+33356009
es-S0365-66912005001200008-1	252832004+53524009+439630003+77477000+429685005+367336001+108290001+86273004+5880005+410455004+781525000+68402007
es-S0365-66912006000200012-1	252832004+77477000+384953001+113091000+5880005+169066007+830147001+169066007+63107007+53524009+788751009
es-S0365-66912006000400010-1	397547000+55468007+5880005+241722009+116148004
es-S0365-66912006000600011-1	36228007+86944008+397520005+76949005+252830007+371346008+274798009
es-S0365-66912007000300010-1	36228007+118450008+122461007+118950002+241578008
es-S0365-66912007000800013-1	431182000+33682005+72019009+66205002+387713003+788751009
es-S0365-66912008001000010-1	277762005+113091000+53524009+104390007+168969009+NO_CODE+172581008+77477000+17259005+418447007+5880005+167699000+68793005+103753003+35650009+52685006+103716009+3116009+418285008+118908002+36228007+419194002+392010000
es-S0365-66912009000300010-1	53524009+36228007+56633006+297280007+392010000+397521009+5880005+371575001+231701000+297279009+252879004+241663008+252823001+172581008
es-S0365-66912009000800005-2	441904000+72821000+276342005
es-S0365-66912010000300004-1	55468007+118904000+782707007+16830007+77772005+86944008+312973004+118897002+387746009+122459003+66205002+252832004+274795007+424986007+76949005+387713003+297279009+1202017008
es-S0365-66912011000400005-1	284182000+419592009+281790008+422246005+104190003
es-S0365-66912012000800004-1	53524009+36228007+77477000+84149000+55468007+281789004+830147001+75732000+69724002+371575001+387713003+788751009+252803002
es-S0376-78922007000400008-1	79733001+36777000+281790008+288176006+169070004+30088009+396550006+399208008+16310003+281789004+722048006+40617009+5880005+231344003+233585000+19246009+387713003+870386000
es-S0376-78922008000400007-1	387629000+782902008+30549001+74230002+14693006+225360001+71651007+426677002+67889009+284101009+302343007+309688004+408469009+1231734007+319175008+281791007+281789004+57554003+122465003+450229981000132104+698956007+387713003+384726006+465380004+330901000+16310003+40388003+10724008+405823003+405826006+392090004+1202017008+363679005+773122009+69990006
es-S0376-78922009000100011-1	410021007+1176009+784396007+33389009+58347006+50697003+13853000+77477000+370612006+14788002+104279004+40675008+165813002+108290001+367336001+32559005+104178000+62141006+122465003+387713003+252416005+118450008+86273004+275234001+8889005
es-S0376-78922009000200007-1	36777000+120082001+32589003+20041002+746011009+304039000+709979004+27493007+79321009+122459003+91251008+13163006+51894000+281758003+413528009+122465003+387713003+134388005+1202017008+273987005
es-S0376-78922009000400002-1	225150002+40617009+736532007+281510005+232629006+1202017008+122465003+387713003+64915003
es-S0376-78922012000100001-1	265251007+237417003+128538000+726437009+76790002+712822003+234254000+783408009+128303001+79841006+394895009+303445008+172057008+447421006+428379000+319175008+699091009+108290001+450671005+387713003+771225007+122462000+387628008+14561009+172119006+86273004+36250008+764926003
es-S0376-78922012000300005-1	463330007+274986006+58494002+150062003+305063002+5880005+274478003+363680008+128538000+31697000+363679005+179002007+28555002+4587009
es-S0376-78922013000300013-1	712813004+713016000+118441006+36777000+392236004+404915007+25789004+274441001+50697003+746011009+77477000+783408009+9353002+34289000+288058001+225148005+50172003+179826005+122465003+387713003+16310003+85875009+118450008+1202017008+178646005+363679005+182770003
es-S0376-78922014000100013-1	252416005+77477000+60287000+178422006+232501001+234805003+367336001+108290001+104210008+239349005+62141006+65801008+387713003+48387007+178421004+30683004
es-S0376-78922014000200011-1	252416005+42803009+113091000+118880008+5880005+104157003+16388003+387713003+239907008+392022002
es-S0376-78922014000200012-1	60953002+36777000+404915007+39228008+302407000+59077004+66144000+225150002+261138003+334530008+225148005+104178000+74688006+118752004+172401007+288084007+76808009+1202017008+363679005
es-S0376-78922014000300013-1	175890004+241031001+363187007+710343002+1431002+178147002+2119009+816078002+783408009+5880005+122459003+178071007+9353002+312141006+257836008+66583008+91251008+423736003+25381003+122465003+1162652005+765186008+257838009+122462000+1202017008+233470008+74422001+233497001
es-S0376-78922015000100011-1	784396007+36910002+72086007+77477000+257783000+441799006+429685005+367336001+128303001+169066007+9353002+27190002+446937004+450665004+418023006+288058001+392022002+413528009+85765000+25321000+387713003+228084000+444708006+40111009+1156524009+252416005+271416007+86273004+1202017008+8889005
es-S0376-78922015000200009-1	252416005+447421006+5880005+14693006+387713003+52852000+71651007+108257001
es-S0376-78922016000300010-1	281790008+33389009+39228008+765173004+330901000+52685006+833276007+122459003+67255001+65801008+91251008+14321000087100+737848005+413528009+229320006+108290001+387713003+699793004+122462000+252416005+1202017008
es-S0376-78922017000100008-1	241569002+241568005+702687004+108305003+183051005+168537006+52685006+448397004+3895009+127587000+702687004+363679005+49345004
es-S0378-48352004000200007-1	103735009+169069000+399331006+113091000+399208008+787439005+367336001+438834000+108290001+230810008+117259009+418832007+108252007+363688001+108257001+387713003+788751009+169072007
es-S0378-48352004000300007-1	77477000+301793006+268425006+13861005+766841001+396550006+367336001+5880005+56241004+165813002+313398001+879915007+722482005
es-S0378-48352005000400004-1	241455000+117055006+396550006+418891003+367336001+45036003+1220588004+241487002+5880005+609017008+363679005+65801008+29240004+315294004+234327001+117617002+76009000+168528006
es-S0378-48352005000500005-1	77477000+370612006+30088009+250724005+426329006+367336001+117010004+65801008+73735000+117617002
es-S0378-48352005000700007-2	169069000+77477000+25570002+38104006+108290001+116152004+418832007+264274002+86273004+702725003+429858000+108257001
es-S0378-48352006000400006-1	726427004+252416005+10847001+86477000+399208008+367336001+59325001+363679005+24242005+117617002+418023006+448608009
es-S0378-48352006000600006-1	418832007+707266006+108022006+46364009+77477000+429685005+2407009+65575008+243123002+418891003+108290001+765473008+373205008+76334006+26337002+428831001+252416005+45334006+396550006+86273004+363679005
es-S0378-48352006000900004-1	252416005+71010006+274330002+396550006+76808009+399208008+75385009+108290001+418832007+56241004+48635004+120146008+27171005+116147009+371575001+108257001+117617002+270994009+448508004
es-S0378-48352006000900006-1	241687005+169069000+10847001+64908006+396550006+168702005+367336001+86481000+45036003+86273004+116027003+5880005+387713003+117617002
es-S0465-546X2008000200010-1	420233006+396550006+396550006+27171005+45036003+5880005+6425004
es-S0465-546X2010000200006-1	74923002+118750007+168537006+5880005+284401004+44491008+74016001
es-S0465-546X2011000300007-1	395157005+118797008+29303009+18590009+5880005+82982002
es-S1130-01082005000500013-1	252416005+252641007+169070004+177281002+82918005+17988003+103708000+104157003+387713003+108257001+54357003+117617002+168126000
es-S1130-01082005001000014-1	252641007+26294005+252222003+73761001+396550006+399208008+169413002+108290001+269856004+86273004+876825002+432370003+275707000+5880005+297279009+66719001+365769003
es-S1130-01082007000100014-1	30088009+38102005+77477000+387826009+45036003+5880005+288170000+52685006+281789004+34896006+387713003+386718000+419394006+104190003+396550006+16310003+63243008+45211000+118442004
es-S1130-01082007000600012-1	90226004+236973005+122445005+412890008+241031001+173422009+122446006+71651007+119954001+73761001+250724005+412809002+45036003+5880005+54610007+424489006+104062000+425513008+418891003+52685006+56241004+3116009+312474003+412899009+252416005+449263002+449264008+314118002+363679005+73735000
es-S1130-01082007000700011-2	449263002+449264008+38102005+176901003+450556004+418891003+367336001+870251000+173422009+5880005+86273004+423827005+315292000+85765000+169066007+32218000+387713003+396901009+76009000
es-S1130-01082007001000017-1	28177007+9215005+174165008+64908006+29303009+168702005+86481000+47302001+9215005+235339001+770571009+10849003+27171005+5880005+387867004
es-S1130-01082008000100010-1	252416005+33367005+36969009+73761001+250724005+169070004+16310003+86273004+46136006+423827005+719908001+65801008+315294004+387713003+297279009
es-S1130-01082008000100017-1	252416005+609022008+117028002+117010004+82035006+26958001+104130000+88667002+165813002+104305007+30200007+73761001+54686006+122093008+16310003+45036003+5880005+387713003+26604007+76009000
es-S1130-01082008000200015-1	38102005+103715008+28367004+77477000+235555007+396550006+16310003+235568004+265447007+45595009+241179005+63243008+363679005+432633002+387713003+78817002+386718000+866263002
es-S1130-01082008000400017-1	252416005+29819009+77477000+370612006+440711002+879916008+174123002+367336001+238259001+116152004+394895009+736741000+359571009+717139005+50697003+314608008+51346007
es-S1130-01082008000800010-1	609022008+252375001+77477000+1017217001+412890008+396550006+241139001+45036003+391475007+387713003+26604007+235150006
es-S1130-01082008000800011-1	252416005+77477000+54357003+104213005+396550006+698472009+39228008+367336001+104216002+52765003+387713003+76009000+116859006
es-S1130-01082008000900015-1	410006001+396550006+33389009+427595003+71977002+5880005+62258005+108257001+112978005+387713003+80146002+50697003+76009000+235150006
es-S1130-01082008001200016-1	82619000+266719004+73512001+117617002+11291002+77477000+169070004+108257001+117617002
es-S1130-01082009000200011-1	735016006+252416005+419394006+169069000+21371007+73761001+169070004+86477000+396550006+399208008+49795001+359571009+117617002+152198000+76009000+55198006
es-S1130-01082009001000013-1	288170000+77477000+13790009+255668001+73761001+236886002+33389009+446362009+72662009+386792000+108290001+119266004+719908001+367336001+418832007+16388003+42238002+235150006
es-S1130-01082010000600012-1	284406009+430439002+64908006+250724005+726582005+52685006+45036003+82918005+303695003+241647000+5880005+418832007+108257001+450556004+76009000
es-S1130-01082010000700016-1	38102005+77477000+234319005+238258009+86481000+39738004+314271007+387713003+182764009+108257001+30582003+386718000+708800006+32962002
es-S1130-05582003000600004-3	16319561000119105+82641000+77477000+236973005+122856003+39250009+50697003+NO_CODE+5880005+363680008+4365001+118776007+113011001+231287002+42241006+371553003+50697003
es-S1130-05582004000400006-1	44558001+233475003+7365008+446937004+30904006+450665004+86481000+108290001+177973005+225162003+387713003+178369002+373675000+86273004+1202017008+416608005+26782000+428412000+78817002+304040003
es-S1130-05582004000500005-1	370612006+274802005+113091000+35650009+71977002+14375003+61381007+118827009+65801008+108257001+122856003+387713003+42478006+50697003+48387007
es-S1130-05582007000600003-1	413528009+65801008+119561005+119848001+387713003+722076003+73850000
es-S1130-05582007000600006-1	113090004+445402004+50697003+77477000+278816009+5880005+122459003+117617002+252375001+68793005+418023006+108261007+201495001+14211004+387713003+252416005+88667002+396550006+118739009+37931006
es-S1130-05582008000200006-1	16319561000119105+252416005+108022006+77477000+70536003+392150004+122856003+363680008+5880005+46589004+387713003+113011001+53524009+35631009+50697003
es-S1130-05582008000300004-1	16319561000119105+386761002+5880005+104157003+65801008+113011001+387713003+117617002+57703000
es-S1130-05582008000500007-1	67889009+225150002+234693003+173347007+127786006+88366003+303653007+281789004+233527006+233520008+5880005+37508003+119865005+45045002+118732000+78121007+89481001+50697003+232674004+48387007+56438006
es-S1130-05582009000600006-1	16319561000119105+252416005+77477000+65801008+50697003+372034000+70871006+5880005+363680008+412990009+363679005+25656009+3116009+113011001+384685001+173345004
es-S1130-05582010000100007-1	103735009+252416005+399208008+240969000+86273004+104210008+177124000+108257001+117617002
es-S1130-05582010000200005-1	16319561000119105+782902008+169067003+128538000+57703000+50697003+67889009+463330007+77477000+450803007+72223009+118816007+150062003+5880005+232679009+122459003+117617002+64356005+413528009+52307007+372034000+387713003+252416005+23656006+226050009+82305005+86273004+708856005+1202017008
es-S1130-05582012000300006-1	16319561000119105+232182000+88366003+5880005+363679005+971009+122856003+70871006+77477000+439121000124106+178500001+617002+52307007+281789004+52685006+14375003+104210008+387713003+252416005+113011001+183284000
es-S1130-05582012000400006-1	232513006+373657001+113091000+241199004+16938001+68688001+121742007+5880005+22622008+241541005+702519004+365958005+73223003+25570002+372246008+88177004+387713003+40111009+122462000+271416007+363679005+20013001+113011001
es-S1130-05582013000200006-1	173486005+72221006+185922005+444945007+113091000+168525009+82918005+16310003+765473008+726488007+48635004+108257001+117617002
es-S1130-05582013000400006-1	252416005+77477000+113091000+150062003+80983001+830147001+363680008+5880005+65801008+63048008+1187106001+117617002+50697003+89901005
es-S1130-05582014000400006-1	225116006+77477000+302497006+55162003+281789004+14375003+59965006+5880005+274423009+122856003+122462000
es-S1130-05582014000400008-1	252416005+438527007+34227000+373671009+444945007+817011007+252416005+50697003+118292001+5880005+48635004+463323001+50697003+242557008
es-S1130-05582015000100008-1	117310008+427314002+269934003+406979008+399208008+68793005+45036003+367336001+5880005+117617002+178500001+281789004+52685006+56241004+122462000+713443004+252416005+62777006+8889005+788751009
es-S1130-05582015000300004-1	410682003+77477000+113091000+392150004+275006003+18557009+122458006+5880005+118440007+48635004+113011001+278724005+104210008+117617002+787378005
es-S1130-05582015000300007-1	386761002+77477000+444945007+5880005+122459003+108257001+113011001+8889005+112695004+117617002+710790002
es-S1130-05582017000200099-1	252416005+386761002+5880005+363679005+113011001+8889005+117617002
es-S1130-05582017000200122-1	36228007+118441006+30957007+46142005+241031001+113091000+396550006+412890008+3116009+118897002+274440000+113011001+53524009+387713003+50697003
es-S1130-14732005000200003-1	118441006+59649007+42803009+36910002+35315008+29567006+273993002+230907002+5880005+708692006+169066007+78746004+270913004+65801008+171682005+431182000+102969006+252793002+708707003+399097000+363679005+439276005+35797001
es-S1130-14732005000500006-1	277762005+392236004+33389009+117078000+241648005+273993002+171765004+427752004+5880005+363688001+431215000+23719005+12719002+265760000+700319007+387713003+167699000+389033000+399042005
es-S1130-14732006000400004-1	72221006+77477000+396550006+238181003+113091000+41747008+363680008+5880005+167036008+169068008+108257001+239540005+387713003+26604007+712970008
es-S1130-14732006000400007-1	71687000+373657001+113091000+36436000+418832007+228536000+86823009+431056007+77477000+14449003+14788002+150062003+367336001+128303001+5880005+55965002+112695004+396540005+225122002+387713003+70347009+890458001+252416005+363679005+256648003
es-S1130-14732006000500005-1	122463005+288170000+73223003+233568002+39126001+128303001+201495001+90010006+5880005+6591000087104+65801008+446937004+363679005+387713003+51241000+77343006+29567006
es-S1130-14732008000500005-2	720364002+231792001+169066007+231049003+29567006+122462000
es-S1130-14732009000600006-1	252416005+32495000+430439002+250724005+168537006+15886004+36910002+5880005+418832007+169066007+62845000+387713003+26604007+117023006+412899009
es-S1130-14732009000600008-1	118441006+265218003+41157002+113091000+447038002+84728005+387713003+67864003+25353009
es-S1130-63432013000100011-1	309698005+281790008+789709006+396550006+30088009+170499009+12719002+52685006+702386002+367336001+386439008+5880005+26604007+713443004
es-S1130-63432013000300012-1	235147008+288170000+252156002+16310003+40701008+427595003+384708008+418272005+387713003+76009000+307279007
es-S1130-63432014000100012-1	118784006+439412001+708011004+30088009+243685008+269934003+232674004+427314002+31709000+391586006+233586004+399208008+233580005+243221009+5880005+233573008+78603008+281789004+165877005+117010004+122433001+782971002+61594008+710311002+57485005+302497006+396550006+40617009+2475000+709601002+250464005+709241004+408243000
es-S1130-63432015000400006-1	30088009+229917005+876825002+48684007+17636008+182736004+399208008+229912004+433236007+281789004+702386002+108290001+54956002+297751002+103715008+371070000+396550006+386273001
es-S1131-57682003000400014-1	37508003+52835004+738831000+86273004+5880005+65801008+387713003+168127009
es-S1132-62552015000100006-1	10847001+787127007+243685008+77477000+423692006+399208008+5880005+241541005+127784009+78603008+23426006+117617002+52685006+252663003+401134007+359788000+297279009+274320006+449263002+449264008+396550006+127783003+410011004+86273004+261343000+363679005+26782000
es-S1134-80462004000600007-1	386761002+427143000+264957007+34405006+11466000+399208008+367336001+46973005+5880005+287529009+182777000+233530004+711299007+52685006+241705007+252465000+405430002+726582005+238354008+86273004+261479009+363679005+238356005+32535000+722482005
es-S1134-80462006000600005-1	284029005+314122007+277762005+85921004+29303009+277762005+49401003+231306007+396550006+52685006+367336001+5880005+231344003+71786000+49401003+73735000+396927009+68793005+269934003+252375001+252465000
es-S1134-80462016000600005-3	360030002+90199006+782902008+78746004
es-S1135-76062009000300004-1	314076009+446799007+21034004+118448000+56245008+450671005+29240004+104210008+168126000
es-S1135-76062009000400004-1	8768006+110467000+113091000+33389009+29567006+232674004+50697003+34227000+34289000+53009005+392236004+239540005+241702005+444564009+58944007+52685006+387713003+241663008+372045002+260649000+241722009+46641002+726582005+410011004+10724008+416188006+399097000
es-S1135-76062012000300014-1	314076009+232685002+5785009+117010004+29240004+269934003+429723008
es-S1135-76062014000300006-1	314076009+281790008+269934003+108265003+450669005+5880005+258066000+399298004+168126000+91615006+72027000+29240004+297279009+61594008+713443004+252416005+278297009+396550006+709541000+89666000+314076009+269934003+252416005+39334004
es-S1137-66272006000300009-1	66391000+12891006+112696003+116321006+90131007+363679005+302495003+91251008+118733005+104001+18946005
es-S1137-66272006000500012-1	252375001+412890008+709541000+42106004+5880005+412990009+25656009+3116009+104130000+117023006
es-S1137-66272007000300014-1	371070000+116302003+396550006+709541000+14788002+30088009+117010004+71977002+281789004+89666000+833276007+711224009+5880005+30088009+117010004+104190003+179906007+275856007+879915007+86924002+46798003+241648005
es-S1137-66272009000100013-1	816996009+33367005+118797008+443432005+29303009+433236007+399208008+40701008+5880005+232974001+120151002+703338002+119561005+419545005+32413006+241547009
es-S1137-66272009000300015-1	29703006+29567006+699583008+412890008+27171005+250709001+231069008+29303009+42803009+113091000+399208008+68793005+167699000+270913004+3116009+424489006+26604007+412899009
es-S1137-66272009000500015-1	77477000+396550006+33389009+703423002+5880005+86273004+108290001+76009000+168528006
es-S1137-66272011000300023-1	277762005+113091000+33879002+165813002+6425004+163778008+77477000+34227000+399208008+68793005+439742002+5880005+445946004+410024004+52052004+201495001+252769007+225162003+297279009+433465004+449263002+449264008+396550006+27171005+168702005+286738000+225082002+113011001+386356001+37931006
es-S1137-66272012000200017-1	252416005+22997007+78488009+449201002+118696008+315292000+23426006+387713003+392022002
es-S1137-66272012000300021-1	432273003+44558001+241031001+113091000+876825002+87750000+80146002+65551008+65575008+169070004+63476009+281789004+241139001+387713003+61594008+122462000+168702005+16310003+363679005+108257001
es-S1137-66272013000300020-1	420233006+252375001+396550006+68793005+278846007+201495001+870251000+5880005+252416005+61594008+416608005+23864003+35650009+26958001+54610007+392153002
es-S1137-66272014000100021-1	450347006+10847001+117056007+41170006+122076008+438487006+443810005+782971002+116147009+117765005+359825008+422834003+77477000+399208008+68793005+782971002+116147009+117765005+401133001+782971002+116147009+5880005+23426006+127784009+424489006+117617002+169069000+165877005+415232002+449263002+449264008+396550006+108257001
es-S1137-66272016000200013-1	252416005+38102005+281790008+443432005+64908006+449422005+30088009+113091000+16310003+281789004+5880005+702768002+116147009+277667006+235583009+117617002+386718000+297279009
es-S1137-66272016000200014-1	108305003+113091000+168537006+363753007+26604007+50697003+33148003+77477000+5880005+408869004+183159005+52052004+47020004+78545003+395143008+66391000+866181007+90131007+300008005
es-S1138-123X2003000200006-1	284053004+386761002+234693003+118818008+12491002+234792000+1141910007+2535006+284053004+425554000+173281003+32150000+5880005+256533003+234710007+62786001+58401002
es-S1139-13752009000200011-1	71192002+238297001+30700006+302497006+89305009+70536003+281789004+363680008+5880005+10848006+233467009+400053006
es-S1139-76322009000700015-1	104305007+697001+313398001+64411004+408219003+105377009+76693007+396550006+281789004+122048000+30200007+388468000+117855005+104279004+302784008+6425004
es-S1139-76322013000400008-1	396550006+412890008+42441008+252569009+35650009+5880005+27171005+26604007+66719001
es-S1139-76322014000100010-1	371070000+117028002+396550006+281789004+45036003+225162003+387713003+80146002+32578005
es-S1139-76322014000400009-1	449263002+250980009+29303009+396550006+433215005+74500006+40701008+5880005+26782000+312474003+163778008
es-S1139-76322015000100012-4	5880005+89634005+258527002+312880001+104190003
es-S1139-76322015000300009-1	297280007+168537006+5880005+49345004+60027007+54709006
es-S1139-76322015000400008-1	33533004+363679005+5880005+396550006+16310003+45036003+117010004+54610007+27171005+241354002+387713003+39834009
es-S1139-76322016000200010-1	301874004+117028002+14788002+281789004+5880005+117010004+83607001+104190003
es-S1139-76322016000300007-1	11466000+252522004+201495001+5880005+33879002+412413001
es-S1139-76322016000300012-1	225150002+55162003+281789004+330901000+5880005+61594008+252416005+117310008+62777006+406979008+122462000
es-S1139-76322017000200007-1	4737000+42284007+396550006+61594008+116147009+399208008+14788002+45036003+104279004+408219003+30200007+330901000+5880005+201495001+48635004+35140007+113011001+424489006+26604007+61594008+234279002
es-S1139-76322017000200010-1	89634005+281790008+30088009+281789004+271303006+385117009+255631004+5880005+26604007
es-S1698-44472004000100009-1	252416005+90320007+77477000+168537006+88366003+426329006+81372006+14375003+108257001+469841006+8889005+787376009+104210008+117617002
es-S1698-44472005000400002-1	406866000+9265001+79311001+81870009+787378005+85921004+77477000+5880005+104216002+116147009+48635004+65801008+234246002+285570007+104210008+387713003+446914005+252416005+16310003+363679005+64444005
es-S1698-44472005000400012-1	16319561000119105+386761002+287423007+239299006+113091000+58347006+50697003+178778006+370612006+234281000+1417002+108290001+387713003+178287001+169031005+86273004+428412000+108257001+232501001
es-S1698-69462006000100014-1	108274001+58347006+367336001+5880005+169068008+419978008+1119422006+103735009+108290001+430820001+301067005+387713003+287458009+396550006+55162003+39497007+363679005+119561005+113011001+108257001+43988005
es-S1698-69462006000100017-1	85104009+55162003+367336001+46211007+108290001+281789004+387713003+57703000+723950005
es-S1698-69462006000100019-1	53767003+169070004+35535008+367336001+86273004+168526005+29240004+870249004+117617002+241578008
es-S1698-69462006000400002-1	404198007+234687006+252416005+68688001+117055006+387740003+55162003+104216002+252336005+4365001+363679005+48044004+447770006+117617002
es-S1699-695X2014000200012-1	241457008+441803007+54885007+113091000+16310003+5880005+116147009+48635004+443359001
es-S1699-695X2015000100011-1	277762005+113091000+309812005+29567006+26604007+112798008+34227000+104279004+40675008+104276006+122207006+NO_CODE+122252009+45036003+314077000+258066000+165813002+104279004+30200007+315138006+40675008+104305007+408219003+698456001+54550000+433236007+373681008+72641008+3116009+26958001+54610007+35650009+27171005+788751009
es-S1699-695X2015000300010-1	252375001+108228000+42803009+113091000+225373002+45565001+68793005+178263003+84100007+5880005+401221002+399208008+22791004+270913004+29758009+54956002+396550006+40617009+84728005+48387007
es-S1699-695X2016000200010-1	52685006+113028003+5880005+21727005+225670007
es-S1887-85712015000100005-1	57485005+399208008+104887006+3357006+225131002+313398001+88667002+363679005+415123009+370826000+390945002+406979008
es-S1887-85712015000200004-1	232663008+168537006+236924001+182770003+442893001+257838009+50697003+112798008+118738001+284029005+225150002+257758000+35269008+28760000+302617002+20655006+241695009+56333001+229571007+241689008+29303009+127786006+52685006+445536008+387713003+266700009+120105003+433695001+241703000+398204001+396550006+40617009+427004002+422181004+239231007+734624008+133860004
es-S1887-85712015000200005-1	36777000+287630006+86052008+122859005+449028002+448243002+44491008+35860002+302617002+387713003+257838009
es-S1887-85712017000100004-1	39228008+77477000+16388003+72641008+448243002+5880005+257836008+4891000087108+52052004+287630006+127786006+450671005+387713003+422181004+421728001+257838009+281951001+363679005+178157001+399097000
es-S1888-75462017000100042-1	274000001+441925000+168537006+18157004+424794007+77477000+709543002+20995005+79321009+270913004+91251008+239453006+241568005+52685006+387713003+231300001+16310003+363679005+26782000
es-S1889-836X2016000100006-1	395157005+767113005+399208008+40701008+45036003+39228008+43643006+312681000+167036008+5880005+23426006+712970008
es-S2254-28842012000300010-1	276272002+233023001+182764009+80146002+392230005+38102005+108022006+234319005+736720006+14030001000004108+265548004+30904006+27929005+103712006+405425001+281789004+108241001+470109008+765473008+103713001+302497006+429446009+233467009+119561005+45211000
es-S2254-28842014000300010-1	164780005+281790008+431224009+30088009+113091000+77248004+269934003+439846009+43810009+27929005+281789004+52685006+405482000+395143008+103715008+302497006+709541000+225162003+60654006+45036003+45211000
